{
  "host": "0.0.0.0",
  "port": 8765,
  "max_connections": 100,
  "server_name": "EVE OFFLINE Dedicated Server",
  "server_description": "A PVE-focused space MMO server with 24/7 uptime",
  "persistent_world": true,
  "auto_save": true,
  "save_interval_seconds": 300,
  "use_whitelist": false,
  "public_server": true,
  "password": "",
  "use_steam": true,
  "steam_app_id": 0,
  "steam_authentication": false,
  "steam_server_browser": true,
  "tick_rate": 30.0,
  "max_entities": 10000,
  "data_path": "../data",
  "save_path": "./saves",
  "log_path": "./logs"
}
